method,dataset,repeat,session,auroc,aupr,fpr95,cluster_acc,nmi,ari,source_log
TEEN,LS-100,0,1,1.0,1.0,0.0,1.0,1.0,1.0,logs/raw_v2_teen_ls100_10runs.log
TEEN,LS-100,0,2,0.968,0.9656,0.12,0.6667,0.9311,0.7943,logs/raw_v2_teen_ls100_10runs.log
TEEN,LS-100,0,3,0.8448,0.9031,0.88,0.4231,0.7759,0.5236,logs/raw_v2_teen_ls100_10runs.log
TEEN,LS-100,0,4,0.8848,0.8525,0.2,0.6333,0.8292,0.6565,logs/raw_v2_teen_ls100_10runs.log
TEEN,LS-100,1,1,1.0,1.0,0.0,1.0,1.0,1.0,logs/raw_v2_teen_ls100_10runs.log
TEEN,LS-100,1,2,0.9936,0.9935,0.04,0.4839,0.8222,0.6105,logs/raw_v2_teen_ls100_10runs.log
TEEN,LS-100,1,3,0.84,0.9175,1.0,0.2857,0.8612,0.6343,logs/raw_v2_teen_ls100_10runs.log
TEEN,LS-100,1,4,0.8192,0.7108,0.2,0.4286,0.8867,0.6909,logs/raw_v2_teen_ls100_10runs.log
TEEN,LS-100,2,1,1.0,1.0,0.0,0.9583,0.9351,0.8957,logs/raw_v2_teen_ls100_10runs.log
TEEN,LS-100,2,2,0.9328,0.9307,0.36,0.9231,1.0,1.0,logs/raw_v2_teen_ls100_10runs.log
TEEN,LS-100,2,3,0.6944,0.8114,1.0,0.2667,0.7592,0.5398,logs/raw_v2_teen_ls100_10runs.log
TEEN,LS-100,2,4,0.9408,0.9509,0.36,0.4118,0.8395,0.6205,logs/raw_v2_teen_ls100_10runs.log
TEEN,LS-100,3,1,1.0,1.0,0.0,0.96,0.9352,0.8929,logs/raw_v2_teen_ls100_10runs.log
TEEN,LS-100,3,2,0.8336,0.82,0.4,0.7273,0.9242,0.8678,logs/raw_v2_teen_ls100_10runs.log
TEEN,LS-100,3,3,0.7952,0.8319,0.8,0.4,0.7746,0.599,logs/raw_v2_teen_ls100_10runs.log
TEEN,LS-100,3,4,0.7872,0.8251,0.6,0.5,0.8364,0.6461,logs/raw_v2_teen_ls100_10runs.log
TEEN,LS-100,4,1,1.0,1.0,0.0,1.0,1.0,1.0,logs/raw_v2_teen_ls100_10runs.log
TEEN,LS-100,4,2,0.928,0.9358,0.4,0.8125,0.7909,0.6563,logs/raw_v2_teen_ls100_10runs.log
TEEN,LS-100,4,3,0.7712,0.8209,0.96,0.2778,0.7996,0.5358,logs/raw_v2_teen_ls100_10runs.log
TEEN,LS-100,4,4,0.7968,0.7487,0.32,0.4828,0.8695,0.7028,logs/raw_v2_teen_ls100_10runs.log
TEEN,LS-100,5,1,1.0,1.0,0.0,1.0,1.0,1.0,logs/raw_v2_teen_ls100_10runs.log
TEEN,LS-100,5,2,0.936,0.933,0.16,0.6552,0.8272,0.6555,logs/raw_v2_teen_ls100_10runs.log
TEEN,LS-100,5,3,0.8064,0.877,0.8,0.4375,0.8447,0.6686,logs/raw_v2_teen_ls100_10runs.log
TEEN,LS-100,5,4,0.7328,0.6737,0.52,0.5185,0.8622,0.6303,logs/raw_v2_teen_ls100_10runs.log
TEEN,LS-100,6,1,1.0,1.0,0.0,1.0,1.0,1.0,logs/raw_v2_teen_ls100_10runs.log
TEEN,LS-100,6,2,0.9936,0.994,0.08,0.9048,0.9188,0.8716,logs/raw_v2_teen_ls100_10runs.log
TEEN,LS-100,6,3,0.8432,0.9085,0.8,0.5909,0.7732,0.5182,logs/raw_v2_teen_ls100_10runs.log
TEEN,LS-100,6,4,0.8704,0.8557,0.28,0.4286,0.8123,0.6131,logs/raw_v2_teen_ls100_10runs.log
TEEN,LS-100,7,1,1.0,1.0,0.0,1.0,1.0,1.0,logs/raw_v2_teen_ls100_10runs.log
TEEN,LS-100,7,2,1.0,1.0,0.0,0.96,0.9352,0.8929,logs/raw_v2_teen_ls100_10runs.log
TEEN,LS-100,7,3,0.8064,0.8633,0.88,0.4286,0.7364,0.5026,logs/raw_v2_teen_ls100_10runs.log
TEEN,LS-100,7,4,0.8944,0.8916,0.32,0.52,0.8032,0.5746,logs/raw_v2_teen_ls100_10runs.log
TEEN,LS-100,8,1,1.0,1.0,0.0,0.9583,0.9323,0.8836,logs/raw_v2_teen_ls100_10runs.log
TEEN,LS-100,8,2,0.9104,0.9143,0.24,0.9286,0.9353,0.8722,logs/raw_v2_teen_ls100_10runs.log
TEEN,LS-100,8,3,0.7264,0.8098,0.96,0.5,0.8577,0.683,logs/raw_v2_teen_ls100_10runs.log
TEEN,LS-100,8,4,0.9968,0.9969,0.04,0.7308,0.7985,0.6194,logs/raw_v2_teen_ls100_10runs.log
TEEN,LS-100,9,1,1.0,1.0,0.0,1.0,1.0,1.0,logs/raw_v2_teen_ls100_10runs.log
TEEN,LS-100,9,2,1.0,1.0,0.0,0.7308,0.8517,0.6687,logs/raw_v2_teen_ls100_10runs.log
TEEN,LS-100,9,3,0.824,0.9022,0.92,0.4615,0.6928,0.4569,logs/raw_v2_teen_ls100_10runs.log
TEEN,LS-100,9,4,0.952,0.9508,0.16,0.75,0.8388,0.7238,logs/raw_v2_teen_ls100_10runs.log
TEEN,NS-100,0,1,0.9824,0.9839,0.12,0.8462,0.8062,0.6389,logs/raw_v2_teen_ns100_10runs.log
TEEN,NS-100,0,2,0.816,0.8623,0.68,0.7059,0.8809,0.7422,logs/raw_v2_teen_ns100_10runs.log
TEEN,NS-100,0,3,0.8656,0.9071,0.64,0.8889,0.9366,0.8727,logs/raw_v2_teen_ns100_10runs.log
TEEN,NS-100,0,4,0.5632,0.6376,1.0,0.48,0.782,0.5641,logs/raw_v2_teen_ns100_10runs.log
TEEN,NS-100,1,1,1.0,1.0,0.0,0.8947,0.8634,0.7845,logs/raw_v2_teen_ns100_10runs.log
TEEN,NS-100,1,2,0.6768,0.7672,1.0,0.6316,0.9535,0.9073,logs/raw_v2_teen_ns100_10runs.log
TEEN,NS-100,1,3,0.9024,0.8944,0.4,0.4286,0.8867,0.6909,logs/raw_v2_teen_ns100_10runs.log
TEEN,NS-100,1,4,0.84,0.7966,0.2,0.6429,0.9252,0.7709,logs/raw_v2_teen_ns100_10runs.log
TEEN,NS-100,2,1,0.9376,0.9549,0.44,0.619,0.6379,0.3485,logs/raw_v2_teen_ns100_10runs.log
TEEN,NS-100,2,2,0.8608,0.8683,0.52,0.8182,0.916,0.7885,logs/raw_v2_teen_ns100_10runs.log
TEEN,NS-100,2,3,0.928,0.9418,0.44,0.9474,0.9589,0.9456,logs/raw_v2_teen_ns100_10runs.log
TEEN,NS-100,2,4,0.6016,0.7023,1.0,0.2414,0.8139,0.5641,logs/raw_v2_teen_ns100_10runs.log
TEEN,NS-100,3,1,0.96,0.9644,0.2,0.9412,0.9605,0.955,logs/raw_v2_teen_ns100_10runs.log
TEEN,NS-100,3,2,0.8064,0.7976,0.6,0.6071,0.8911,0.7175,logs/raw_v2_teen_ns100_10runs.log
TEEN,NS-100,3,3,0.8928,0.9016,0.44,0.6429,0.7977,0.5707,logs/raw_v2_teen_ns100_10runs.log
TEEN,NS-100,3,4,0.68,0.628,0.72,0.5789,0.9034,0.825,logs/raw_v2_teen_ns100_10runs.log
TEEN,NS-100,4,1,0.9472,0.959,0.28,0.8462,0.8433,0.7644,logs/raw_v2_teen_ns100_10runs.log
TEEN,NS-100,4,2,0.7888,0.8573,0.8,0.875,0.9417,0.907,logs/raw_v2_teen_ns100_10runs.log
TEEN,NS-100,4,3,0.9968,0.9969,0.04,0.9091,0.8968,0.7884,logs/raw_v2_teen_ns100_10runs.log
TEEN,NS-100,4,4,0.9312,0.9404,0.32,0.4118,0.8575,0.5685,logs/raw_v2_teen_ns100_10runs.log
TEEN,NS-100,5,1,0.96,0.9651,0.24,0.8,0.7846,0.5785,logs/raw_v2_teen_ns100_10runs.log
TEEN,NS-100,5,2,0.9744,0.9752,0.2,0.6207,0.8668,0.6723,logs/raw_v2_teen_ns100_10runs.log
TEEN,NS-100,5,3,1.0,1.0,0.0,0.625,0.9001,0.7376,logs/raw_v2_teen_ns100_10runs.log
TEEN,NS-100,5,4,0.8016,0.8155,0.52,0.4286,0.7732,0.4987,logs/raw_v2_teen_ns100_10runs.log
TEEN,NS-100,6,1,0.992,0.9933,0.0,0.875,0.8915,0.7778,logs/raw_v2_teen_ns100_10runs.log
TEEN,NS-100,6,2,0.9344,0.951,0.44,0.875,0.855,0.7831,logs/raw_v2_teen_ns100_10runs.log
TEEN,NS-100,6,3,0.9968,0.997,0.0,0.9565,0.9354,0.901,logs/raw_v2_teen_ns100_10runs.log
TEEN,NS-100,6,4,0.9024,0.9192,0.4,0.6471,0.7739,0.5679,logs/raw_v2_teen_ns100_10runs.log
TEEN,NS-100,7,1,1.0,1.0,0.0,0.7895,0.8087,0.6552,logs/raw_v2_teen_ns100_10runs.log
TEEN,NS-100,7,2,0.9616,0.9728,0.12,0.8947,0.9398,0.8876,logs/raw_v2_teen_ns100_10runs.log
TEEN,NS-100,7,3,0.9312,0.9427,0.36,0.8889,0.8889,0.8569,logs/raw_v2_teen_ns100_10runs.log
TEEN,NS-100,7,4,0.9984,0.9985,0.0,0.7083,0.8599,0.653,logs/raw_v2_teen_ns100_10runs.log
TEEN,NS-100,8,1,0.9696,0.9736,0.24,0.7619,0.7651,0.5577,logs/raw_v2_teen_ns100_10runs.log
TEEN,NS-100,8,2,0.9984,0.9985,0.0,0.7778,0.8552,0.6912,logs/raw_v2_teen_ns100_10runs.log
TEEN,NS-100,8,3,0.8112,0.8072,0.32,0.5938,0.8299,0.6132,logs/raw_v2_teen_ns100_10runs.log
TEEN,NS-100,8,4,0.9168,0.9384,0.48,0.8182,0.8902,0.6653,logs/raw_v2_teen_ns100_10runs.log
TEEN,NS-100,9,1,0.9648,0.9738,0.32,0.75,0.8055,0.56,logs/raw_v2_teen_ns100_10runs.log
TEEN,NS-100,9,2,0.9376,0.9597,0.24,0.9286,0.9432,0.8984,logs/raw_v2_teen_ns100_10runs.log
TEEN,NS-100,9,3,0.9744,0.9723,0.12,0.7368,0.8603,0.7011,logs/raw_v2_teen_ns100_10runs.log
TEEN,NS-100,9,4,0.7664,0.8223,0.72,0.6471,0.7515,0.6017,logs/raw_v2_teen_ns100_10runs.log
TEEN,FSC-89,0,1,0.9824,0.9854,0.2,0.7273,0.6699,0.4186,logs/raw_v2_teen_fsc89_10runs.log
TEEN,FSC-89,0,2,0.6256,0.555,0.72,0.2353,0.6693,0.275,logs/raw_v2_teen_fsc89_10runs.log
TEEN,FSC-89,0,3,0.4064,0.5565,0.92,0.6667,0.9201,0.6341,logs/raw_v2_teen_fsc89_10runs.log
TEEN,FSC-89,0,4,0.7408,0.6268,0.24,0.0244,0.557,0.1597,logs/raw_v2_teen_fsc89_10runs.log
TEEN,FSC-89,1,1,1.0,1.0,0.0,0.5833,0.5486,0.3068,logs/raw_v2_teen_fsc89_10runs.log
TEEN,FSC-89,1,2,0.2608,0.4376,1.0,0.2353,0.9646,0.9494,logs/raw_v2_teen_fsc89_10runs.log
TEEN,FSC-89,1,3,0.6336,0.5483,0.56,0.3478,0.746,0.4494,logs/raw_v2_teen_fsc89_10runs.log
TEEN,FSC-89,1,4,0.8656,0.7714,0.12,0.3571,0.4965,0.1302,logs/raw_v2_teen_fsc89_10runs.log
TEEN,FSC-89,2,1,1.0,1.0,0.0,0.4,0.2942,0.0207,logs/raw_v2_teen_fsc89_10runs.log
TEEN,FSC-89,2,2,0.5984,0.5814,0.72,0.5,0.9496,0.8772,logs/raw_v2_teen_fsc89_10runs.log
TEEN,FSC-89,2,3,0.5648,0.4942,0.52,0.0789,0.5159,0.1234,logs/raw_v2_teen_fsc89_10runs.log
TEEN,FSC-89,2,4,0.6032,0.6094,0.72,0.1795,0.6169,0.2058,logs/raw_v2_teen_fsc89_10runs.log
TEEN,FSC-89,3,1,1.0,1.0,0.0,0.6364,0.4684,0.1801,logs/raw_v2_teen_fsc89_10runs.log
TEEN,FSC-89,3,2,0.3424,0.4023,0.92,0.2,0.8741,0.624,logs/raw_v2_teen_fsc89_10runs.log
TEEN,FSC-89,3,3,0.0656,0.3262,1.0,0.0,0.0,0.0,logs/raw_v2_teen_fsc89_10runs.log
TEEN,FSC-89,3,4,0.7296,0.6548,0.44,0.1081,0.5184,0.1344,logs/raw_v2_teen_fsc89_10runs.log
TEEN,FSC-89,4,1,1.0,1.0,0.0,0.5417,0.53,0.2399,logs/raw_v2_teen_fsc89_10runs.log
TEEN,FSC-89,4,2,0.5632,0.6205,1.0,0.4375,0.9388,0.8998,logs/raw_v2_teen_fsc89_10runs.log
TEEN,FSC-89,4,3,0.7168,0.6446,0.48,0.15,0.6002,0.2522,logs/raw_v2_teen_fsc89_10runs.log
TEEN,FSC-89,4,4,0.2864,0.3894,0.76,0.0526,0.9771,0.9795,logs/raw_v2_teen_fsc89_10runs.log
TEEN,FSC-89,5,1,0.9712,0.9786,0.32,0.6364,0.7115,0.4612,logs/raw_v2_teen_fsc89_10runs.log
TEEN,FSC-89,5,2,0.8752,0.8801,0.48,0.5789,0.6873,0.3556,logs/raw_v2_teen_fsc89_10runs.log
TEEN,FSC-89,5,3,0.8688,0.8106,0.4,0.0976,0.616,0.2587,logs/raw_v2_teen_fsc89_10runs.log
TEEN,FSC-89,5,4,0.6176,0.6189,0.64,0.1892,0.5865,0.2081,logs/raw_v2_teen_fsc89_10runs.log
TEEN,FSC-89,6,1,0.992,0.9933,0.0,0.4167,0.4147,0.0943,logs/raw_v2_teen_fsc89_10runs.log
TEEN,FSC-89,6,2,0.4416,0.4383,0.6,0.2,0.6514,0.2463,logs/raw_v2_teen_fsc89_10runs.log
TEEN,FSC-89,6,3,0.472,0.4592,0.68,0.1875,0.8,0.4067,logs/raw_v2_teen_fsc89_10runs.log
TEEN,FSC-89,6,4,0.5488,0.4875,0.56,0.2308,0.8983,0.7896,logs/raw_v2_teen_fsc89_10runs.log
TEEN,FSC-89,7,1,0.984,0.9886,0.0,0.5652,0.5034,0.2442,logs/raw_v2_teen_fsc89_10runs.log
TEEN,FSC-89,7,2,0.5632,0.5311,0.72,0.2667,0.8611,0.7276,logs/raw_v2_teen_fsc89_10runs.log
TEEN,FSC-89,7,3,0.64,0.5742,0.96,0.3448,0.7429,0.5225,logs/raw_v2_teen_fsc89_10runs.log
TEEN,FSC-89,7,4,0.4096,0.443,1.0,0.1579,0.6828,0.4097,logs/raw_v2_teen_fsc89_10runs.log
TEEN,FSC-89,8,1,0.9632,0.9719,0.32,0.6364,0.5392,0.3448,logs/raw_v2_teen_fsc89_10runs.log
TEEN,FSC-89,8,2,0.1728,0.3491,1.0,0.0833,1.0,1.0,logs/raw_v2_teen_fsc89_10runs.log
TEEN,FSC-89,8,3,0.7584,0.7414,0.6,0.4091,0.6616,0.4126,logs/raw_v2_teen_fsc89_10runs.log
TEEN,FSC-89,8,4,0.7504,0.7167,0.48,0.1163,0.7288,0.2932,logs/raw_v2_teen_fsc89_10runs.log
TEEN,FSC-89,9,1,0.9808,0.987,0.0,0.619,0.5226,0.2054,logs/raw_v2_teen_fsc89_10runs.log
TEEN,FSC-89,9,2,0.7392,0.6705,0.36,0.4194,0.7881,0.482,logs/raw_v2_teen_fsc89_10runs.log
TEEN,FSC-89,9,3,0.7616,0.7157,0.44,0.1724,0.5695,0.1573,logs/raw_v2_teen_fsc89_10runs.log
TEEN,FSC-89,9,4,0.3424,0.4163,0.92,0.1818,0.9517,0.9509,logs/raw_v2_teen_fsc89_10runs.log
FOWAC-UMR,LS-100,0,1,1.0,1.0,0.0,1.0,1.0,1.0,logs/raw_v2_umr_ls100_10runs.log
FOWAC-UMR,LS-100,0,2,0.9712,0.9737,0.16,0.9091,1.0,1.0,logs/raw_v2_umr_ls100_10runs.log
FOWAC-UMR,LS-100,0,3,0.8608,0.9191,0.92,0.5769,0.8098,0.662,logs/raw_v2_umr_ls100_10runs.log
FOWAC-UMR,LS-100,0,4,0.808,0.6673,0.2,0.6333,0.8292,0.6565,logs/raw_v2_umr_ls100_10runs.log
FOWAC-UMR,LS-100,1,1,1.0,1.0,0.0,1.0,1.0,1.0,logs/raw_v2_umr_ls100_10runs.log
FOWAC-UMR,LS-100,1,2,0.9968,0.9969,0.04,0.76,0.856,0.6863,logs/raw_v2_umr_ls100_10runs.log
FOWAC-UMR,LS-100,1,3,0.6816,0.7972,1.0,0.6364,0.6642,0.3755,logs/raw_v2_umr_ls100_10runs.log
FOWAC-UMR,LS-100,1,4,0.9008,0.8815,0.2,0.4286,0.8867,0.6909,logs/raw_v2_umr_ls100_10runs.log
FOWAC-UMR,LS-100,2,1,1.0,1.0,0.0,0.9583,0.9351,0.8957,logs/raw_v2_umr_ls100_10runs.log
FOWAC-UMR,LS-100,2,2,0.9696,0.9495,0.04,0.9231,0.906,0.8323,logs/raw_v2_umr_ls100_10runs.log
FOWAC-UMR,LS-100,2,3,0.8,0.8957,1.0,0.2903,0.7091,0.483,logs/raw_v2_umr_ls100_10runs.log
FOWAC-UMR,LS-100,2,4,0.8208,0.7742,0.32,0.4286,0.8449,0.637,logs/raw_v2_umr_ls100_10runs.log
FOWAC-UMR,LS-100,3,1,1.0,1.0,0.0,0.96,0.9352,0.8929,logs/raw_v2_umr_ls100_10runs.log
FOWAC-UMR,LS-100,3,2,0.7472,0.6821,0.64,0.5385,0.8667,0.7409,logs/raw_v2_umr_ls100_10runs.log
FOWAC-UMR,LS-100,3,3,0.8208,0.8827,0.8,0.2571,0.801,0.5753,logs/raw_v2_umr_ls100_10runs.log
FOWAC-UMR,LS-100,3,4,0.9024,0.9101,0.4,0.4286,0.7778,0.5354,logs/raw_v2_umr_ls100_10runs.log
FOWAC-UMR,LS-100,4,1,1.0,1.0,0.0,1.0,1.0,1.0,logs/raw_v2_umr_ls100_10runs.log
FOWAC-UMR,LS-100,4,2,0.9712,0.9682,0.08,0.4688,0.8737,0.6481,logs/raw_v2_umr_ls100_10runs.log
FOWAC-UMR,LS-100,4,3,0.7664,0.8439,1.0,0.303,0.8035,0.5501,logs/raw_v2_umr_ls100_10runs.log
FOWAC-UMR,LS-100,4,4,0.6256,0.5345,0.6,0.625,0.9657,0.9342,logs/raw_v2_umr_ls100_10runs.log
FOWAC-UMR,LS-100,5,1,1.0,1.0,0.0,1.0,1.0,1.0,logs/raw_v2_umr_ls100_10runs.log
FOWAC-UMR,LS-100,5,2,0.9904,0.9902,0.04,0.72,0.7968,0.6157,logs/raw_v2_umr_ls100_10runs.log
FOWAC-UMR,LS-100,5,3,0.8304,0.8993,0.8,0.64,0.7859,0.6457,logs/raw_v2_umr_ls100_10runs.log
FOWAC-UMR,LS-100,5,4,0.7824,0.6479,0.32,0.4545,0.886,0.6872,logs/raw_v2_umr_ls100_10runs.log
FOWAC-UMR,LS-100,6,1,1.0,1.0,0.0,1.0,1.0,1.0,logs/raw_v2_umr_ls100_10runs.log
FOWAC-UMR,LS-100,6,2,0.9968,0.997,0.0,0.913,0.9081,0.8319,logs/raw_v2_umr_ls100_10runs.log
FOWAC-UMR,LS-100,6,3,0.872,0.9182,0.6,0.6316,0.6183,0.3905,logs/raw_v2_umr_ls100_10runs.log
FOWAC-UMR,LS-100,6,4,0.9632,0.9483,0.04,0.4286,0.8449,0.637,logs/raw_v2_umr_ls100_10runs.log
FOWAC-UMR,LS-100,7,1,1.0,1.0,0.0,1.0,1.0,1.0,logs/raw_v2_umr_ls100_10runs.log
FOWAC-UMR,LS-100,7,2,0.9904,0.9914,0.08,0.7826,0.8786,0.7284,logs/raw_v2_umr_ls100_10runs.log
FOWAC-UMR,LS-100,7,3,0.848,0.9102,0.88,0.65,0.6134,0.3325,logs/raw_v2_umr_ls100_10runs.log
FOWAC-UMR,LS-100,7,4,0.9408,0.9418,0.2,0.4286,0.8229,0.579,logs/raw_v2_umr_ls100_10runs.log
FOWAC-UMR,LS-100,8,1,1.0,1.0,0.0,0.9583,0.9323,0.8836,logs/raw_v2_umr_ls100_10runs.log
FOWAC-UMR,LS-100,8,2,0.9872,0.989,0.04,0.5806,0.8377,0.6455,logs/raw_v2_umr_ls100_10runs.log
FOWAC-UMR,LS-100,8,3,0.8096,0.8753,0.84,0.5556,0.6992,0.4337,logs/raw_v2_umr_ls100_10runs.log
FOWAC-UMR,LS-100,8,4,0.904,0.8735,0.2,0.2632,0.7594,0.3965,logs/raw_v2_umr_ls100_10runs.log
FOWAC-UMR,LS-100,9,1,1.0,1.0,0.0,1.0,1.0,1.0,logs/raw_v2_umr_ls100_10runs.log
FOWAC-UMR,LS-100,9,2,1.0,1.0,0.0,1.0,1.0,1.0,logs/raw_v2_umr_ls100_10runs.log
FOWAC-UMR,LS-100,9,3,0.8224,0.9018,0.92,0.7,0.6721,0.4953,logs/raw_v2_umr_ls100_10runs.log
FOWAC-UMR,LS-100,9,4,0.9664,0.9648,0.12,0.6897,0.9284,0.782,logs/raw_v2_umr_ls100_10runs.log
FOWAC-DS,LS-100,0,1,1.0,1.0,0.0,1.0,1.0,1.0,logs/raw_v2_dfsb_ds_ls100_10runs.log
FOWAC-DS,LS-100,0,2,0.9696,0.9633,0.08,0.6667,0.8791,0.7219,logs/raw_v2_dfsb_ds_ls100_10runs.log
FOWAC-DS,LS-100,0,3,0.8368,0.906,0.84,0.6842,0.7201,0.5128,logs/raw_v2_dfsb_ds_ls100_10runs.log
FOWAC-DS,LS-100,0,4,0.9376,0.936,0.2,0.6552,0.883,0.7405,logs/raw_v2_dfsb_ds_ls100_10runs.log
FOWAC-DS,LS-100,1,1,1.0,1.0,0.0,0.9565,0.9354,0.901,logs/raw_v2_dfsb_ds_ls100_10runs.log
FOWAC-DS,LS-100,1,2,1.0,1.0,0.0,0.96,0.9352,0.8929,logs/raw_v2_dfsb_ds_ls100_10runs.log
FOWAC-DS,LS-100,1,3,0.84,0.9175,1.0,0.6667,0.6537,0.3777,logs/raw_v2_dfsb_ds_ls100_10runs.log
FOWAC-DS,LS-100,1,4,1.0,1.0,0.0,0.6667,0.9311,0.7943,logs/raw_v2_dfsb_ds_ls100_10runs.log
FOWAC-DS,LS-100,2,1,1.0,1.0,0.0,0.875,0.8848,0.746,logs/raw_v2_dfsb_ds_ls100_10runs.log
FOWAC-DS,LS-100,2,2,0.9648,0.967,0.16,0.4412,0.827,0.5948,logs/raw_v2_dfsb_ds_ls100_10runs.log
FOWAC-DS,LS-100,2,3,0.8272,0.9064,1.0,0.4828,0.8202,0.594,logs/raw_v2_dfsb_ds_ls100_10runs.log
FOWAC-DS,LS-100,2,4,1.0,1.0,0.0,0.92,0.8728,0.7976,logs/raw_v2_dfsb_ds_ls100_10runs.log
FOWAC-DS,LS-100,3,1,1.0,1.0,0.0,0.96,0.9352,0.8929,logs/raw_v2_dfsb_ds_ls100_10runs.log
FOWAC-DS,LS-100,3,2,0.9376,0.9356,0.2,0.4286,0.8624,0.5854,logs/raw_v2_dfsb_ds_ls100_10runs.log
FOWAC-DS,LS-100,3,3,0.7856,0.7858,0.8,0.2857,0.8867,0.6909,logs/raw_v2_dfsb_ds_ls100_10runs.log
FOWAC-DS,LS-100,3,4,0.896,0.854,0.28,0.6061,0.7981,0.5797,logs/raw_v2_dfsb_ds_ls100_10runs.log
FOWAC-DS,LS-100,4,1,1.0,1.0,0.0,0.96,0.9352,0.8929,logs/raw_v2_dfsb_ds_ls100_10runs.log
FOWAC-DS,LS-100,4,2,1.0,1.0,0.0,1.0,1.0,1.0,logs/raw_v2_dfsb_ds_ls100_10runs.log
FOWAC-DS,LS-100,4,3,0.8096,0.8982,1.0,0.72,0.9052,0.814,logs/raw_v2_dfsb_ds_ls100_10runs.log
FOWAC-DS,LS-100,4,4,0.984,0.9858,0.08,0.4286,0.8278,0.5996,logs/raw_v2_dfsb_ds_ls100_10runs.log
FOWAC-DS,LS-100,5,1,1.0,1.0,0.0,1.0,1.0,1.0,logs/raw_v2_dfsb_ds_ls100_10runs.log
FOWAC-DS,LS-100,5,2,1.0,1.0,0.0,0.84,0.7834,0.6367,logs/raw_v2_dfsb_ds_ls100_10runs.log
FOWAC-DS,LS-100,5,3,0.872,0.9264,0.8,0.3548,0.7122,0.4454,logs/raw_v2_dfsb_ds_ls100_10runs.log
FOWAC-DS,LS-100,5,4,0.9296,0.9212,0.2,0.4286,0.8394,0.6437,logs/raw_v2_dfsb_ds_ls100_10runs.log
FOWAC-DS,LS-100,6,1,1.0,1.0,0.0,0.9565,0.9292,0.8727,logs/raw_v2_dfsb_ds_ls100_10runs.log
FOWAC-DS,LS-100,6,2,1.0,1.0,0.0,0.8261,0.8163,0.6638,logs/raw_v2_dfsb_ds_ls100_10runs.log
FOWAC-DS,LS-100,6,3,0.8992,0.9441,0.88,0.7727,0.7381,0.533,logs/raw_v2_dfsb_ds_ls100_10runs.log
FOWAC-DS,LS-100,6,4,1.0,1.0,0.0,0.96,0.9352,0.8929,logs/raw_v2_dfsb_ds_ls100_10runs.log
FOWAC-DS,LS-100,7,1,1.0,1.0,0.0,0.96,0.9352,0.8929,logs/raw_v2_dfsb_ds_ls100_10runs.log
FOWAC-DS,LS-100,7,2,1.0,1.0,0.0,1.0,1.0,1.0,logs/raw_v2_dfsb_ds_ls100_10runs.log
FOWAC-DS,LS-100,7,3,0.856,0.9129,0.68,0.52,0.8661,0.6771,logs/raw_v2_dfsb_ds_ls100_10runs.log
FOWAC-DS,LS-100,7,4,0.9088,0.9036,0.2,0.6333,0.8791,0.7219,logs/raw_v2_dfsb_ds_ls100_10runs.log
FOWAC-DS,LS-100,8,1,1.0,1.0,0.0,0.9583,0.9323,0.8836,logs/raw_v2_dfsb_ds_ls100_10runs.log
FOWAC-DS,LS-100,8,2,1.0,1.0,0.0,0.6667,0.9311,0.7943,logs/raw_v2_dfsb_ds_ls100_10runs.log
FOWAC-DS,LS-100,8,3,0.8016,0.8761,0.92,0.3226,0.8567,0.6189,logs/raw_v2_dfsb_ds_ls100_10runs.log
FOWAC-DS,LS-100,8,4,1.0,1.0,0.0,0.92,0.8727,0.8008,logs/raw_v2_dfsb_ds_ls100_10runs.log
FOWAC-DS,LS-100,9,1,1.0,1.0,0.0,0.8696,0.8874,0.757,logs/raw_v2_dfsb_ds_ls100_10runs.log
FOWAC-DS,LS-100,9,2,1.0,1.0,0.0,1.0,1.0,1.0,logs/raw_v2_dfsb_ds_ls100_10runs.log
FOWAC-DS,LS-100,9,3,0.816,0.9,0.96,0.56,0.8217,0.6596,logs/raw_v2_dfsb_ds_ls100_10runs.log
FOWAC-DS,LS-100,9,4,0.9136,0.8655,0.12,0.2703,0.7952,0.5105,logs/raw_v2_dfsb_ds_ls100_10runs.log
FOWAC-BCD,FSC-89,0,1,0.9824,0.9854,0.2,0.7273,0.598,0.3611,logs/raw_v2_bcd_fsc89_10runs.log
FOWAC-BCD,FSC-89,0,2,0.6048,0.5355,0.72,0.1622,0.4911,0.21,logs/raw_v2_bcd_fsc89_10runs.log
FOWAC-BCD,FSC-89,0,3,0.9264,0.9294,0.16,0.2903,0.6062,0.3398,logs/raw_v2_bcd_fsc89_10runs.log
FOWAC-BCD,FSC-89,0,4,0.4576,0.5531,1.0,0.0667,0.6765,0.4895,logs/raw_v2_bcd_fsc89_10runs.log
FOWAC-BCD,FSC-89,1,1,1.0,1.0,0.0,0.5833,0.5157,0.2435,logs/raw_v2_bcd_fsc89_10runs.log
FOWAC-BCD,FSC-89,1,2,0.7088,0.6298,0.48,0.3243,0.6484,0.4076,logs/raw_v2_bcd_fsc89_10runs.log
FOWAC-BCD,FSC-89,1,3,0.7984,0.7364,0.68,0.175,0.5828,0.3415,logs/raw_v2_bcd_fsc89_10runs.log
FOWAC-BCD,FSC-89,1,4,0.7312,0.6067,0.32,0.2258,0.4394,0.1557,logs/raw_v2_bcd_fsc89_10runs.log
FOWAC-BCD,FSC-89,2,1,1.0,1.0,0.0,0.52,0.3836,0.112,logs/raw_v2_bcd_fsc89_10runs.log
FOWAC-BCD,FSC-89,2,2,0.56,0.6196,0.88,0.5556,0.7458,0.1562,logs/raw_v2_bcd_fsc89_10runs.log
FOWAC-BCD,FSC-89,2,3,0.3776,0.4576,0.8,0.087,0.781,0.6669,logs/raw_v2_bcd_fsc89_10runs.log
FOWAC-BCD,FSC-89,2,4,0.8176,0.6976,0.32,0.25,0.4454,0.17,logs/raw_v2_bcd_fsc89_10runs.log
FOWAC-BCD,FSC-89,3,1,1.0,1.0,0.0,0.5,0.397,0.0994,logs/raw_v2_bcd_fsc89_10runs.log
FOWAC-BCD,FSC-89,3,2,0.6752,0.5691,0.48,0.2353,0.5909,0.3481,logs/raw_v2_bcd_fsc89_10runs.log
FOWAC-BCD,FSC-89,3,3,0.224,0.3958,1.0,0.0833,0.6679,0.3629,logs/raw_v2_bcd_fsc89_10runs.log
FOWAC-BCD,FSC-89,3,4,0.5568,0.6315,0.8,0.3125,0.7864,0.5847,logs/raw_v2_bcd_fsc89_10runs.log
FOWAC-BCD,FSC-89,4,1,1.0,1.0,0.0,0.6667,0.6148,0.3478,logs/raw_v2_bcd_fsc89_10runs.log
FOWAC-BCD,FSC-89,4,2,0.7936,0.8222,0.6,0.4737,0.7382,0.5303,logs/raw_v2_bcd_fsc89_10runs.log
FOWAC-BCD,FSC-89,4,3,0.5328,0.5028,0.84,0.3462,0.7229,0.4802,logs/raw_v2_bcd_fsc89_10runs.log
FOWAC-BCD,FSC-89,4,4,0.4768,0.545,0.8,0.0606,0.6249,0.3983,logs/raw_v2_bcd_fsc89_10runs.log
FOWAC-BCD,FSC-89,5,1,0.9712,0.9786,0.32,0.7273,0.6866,0.4546,logs/raw_v2_bcd_fsc89_10runs.log
FOWAC-BCD,FSC-89,5,2,0.872,0.8471,0.48,0.3636,0.6803,0.4402,logs/raw_v2_bcd_fsc89_10runs.log
FOWAC-BCD,FSC-89,5,3,0.7744,0.7393,0.4,0.2941,0.4773,0.2449,logs/raw_v2_bcd_fsc89_10runs.log
FOWAC-BCD,FSC-89,5,4,0.6032,0.5425,0.68,0.2647,0.5366,0.3107,logs/raw_v2_bcd_fsc89_10runs.log
FOWAC-BCD,FSC-89,6,1,0.992,0.9933,0.0,0.5,0.3718,0.087,logs/raw_v2_bcd_fsc89_10runs.log
FOWAC-BCD,FSC-89,6,2,0.448,0.5592,0.72,0.1154,0.8805,0.7589,logs/raw_v2_bcd_fsc89_10runs.log
FOWAC-BCD,FSC-89,6,3,0.8832,0.8342,0.28,0.1579,0.4356,0.1753,logs/raw_v2_bcd_fsc89_10runs.log
FOWAC-BCD,FSC-89,6,4,0.3728,0.4109,0.8,0.0,0.0,0.0,logs/raw_v2_bcd_fsc89_10runs.log
FOWAC-BCD,FSC-89,7,1,0.984,0.9886,0.0,0.6087,0.4866,0.2292,logs/raw_v2_bcd_fsc89_10runs.log
FOWAC-BCD,FSC-89,7,2,0.8288,0.8119,0.4,0.36,0.5521,0.2366,logs/raw_v2_bcd_fsc89_10runs.log
FOWAC-BCD,FSC-89,7,3,0.6544,0.7463,0.96,0.2727,0.6464,0.4429,logs/raw_v2_bcd_fsc89_10runs.log
FOWAC-BCD,FSC-89,7,4,0.6096,0.5704,0.88,0.2857,0.6226,0.3471,logs/raw_v2_bcd_fsc89_10runs.log
FOWAC-BCD,FSC-89,8,1,0.9632,0.9719,0.32,0.6818,0.5489,0.3071,logs/raw_v2_bcd_fsc89_10runs.log
FOWAC-BCD,FSC-89,8,2,0.4992,0.4848,1.0,0.2778,0.8043,0.6419,logs/raw_v2_bcd_fsc89_10runs.log
FOWAC-BCD,FSC-89,8,3,0.784,0.7672,0.52,0.3793,0.6799,0.4811,logs/raw_v2_bcd_fsc89_10runs.log
FOWAC-BCD,FSC-89,8,4,0.832,0.8256,0.32,0.3529,0.6374,0.3731,logs/raw_v2_bcd_fsc89_10runs.log
FOWAC-BCD,FSC-89,9,1,0.9808,0.987,0.0,0.619,0.5401,0.289,logs/raw_v2_bcd_fsc89_10runs.log
FOWAC-BCD,FSC-89,9,2,0.624,0.5342,0.56,0.3529,0.7497,0.4413,logs/raw_v2_bcd_fsc89_10runs.log
FOWAC-BCD,FSC-89,9,3,0.7728,0.6542,0.32,0.3125,0.4393,0.1613,logs/raw_v2_bcd_fsc89_10runs.log
FOWAC-BCD,FSC-89,9,4,0.184,0.3858,1.0,0.0952,0.7839,0.5844,logs/raw_v2_bcd_fsc89_10runs.log
