method,dataset,provenance,seed,base_acc,inc_aa,final_inc,all_aa,auroc_aa,osr_f1_aa,source
OFCL-acoustic-transfer,FSC-89,official-component-transfer,3420,0.5756521739130435,0.0094375,0.01075,0.45974216878204577,0.33320000000000005,0.0,artifacts/ofcl_transfer/fsc89/seed3420/metrics.json
OFCL-acoustic-transfer,FSC-89,official-component-transfer,3421,0.5756521739130435,0.004125,0.0095,0.45894805165788133,0.33320000000000005,0.0,artifacts/ofcl_transfer/fsc89/seed3421/metrics.json
OFCL-acoustic-transfer,FSC-89,official-component-transfer,3422,0.5756521739130435,0.004520833333333333,0.00475,0.45878618913171254,0.33320000000000005,0.0,artifacts/ofcl_transfer/fsc89/seed3422/metrics.json
OFCL-acoustic-transfer,FSC-89,official-component-transfer,3423,0.5756521739130435,0.004562500000000001,0.01025,0.4590348293464849,0.33320000000000005,0.0,artifacts/ofcl_transfer/fsc89/seed3423/metrics.json
OFCL-acoustic-transfer,FSC-89,official-component-transfer,3424,0.5756521739130435,0.010229166666666668,0.01075,0.4598510446108583,0.33320000000000005,0.0,artifacts/ofcl_transfer/fsc89/seed3424/metrics.json
OFCL-acoustic-transfer,FSC-89,official-component-transfer,3425,0.5756521739130435,0.008125,0.01,0.45956114166770545,0.33320000000000005,0.0,artifacts/ofcl_transfer/fsc89/seed3425/metrics.json
OFCL-acoustic-transfer,FSC-89,official-component-transfer,3426,0.5756521739130435,0.0023958333333333336,0.00875,0.4586926197816362,0.33320000000000005,0.0,artifacts/ofcl_transfer/fsc89/seed3426/metrics.json
OFCL-acoustic-transfer,FSC-89,official-component-transfer,3427,0.5756521739130435,0.012625,0.017,0.4603509777301734,0.33320000000000005,0.0,artifacts/ofcl_transfer/fsc89/seed3427/metrics.json
OFCL-acoustic-transfer,FSC-89,official-component-transfer,3428,0.5756521739130435,0.0019166666666666668,0.004,0.4584902533700269,0.33320000000000005,0.0,artifacts/ofcl_transfer/fsc89/seed3428/metrics.json
OFCL-acoustic-transfer,FSC-89,official-component-transfer,3429,0.5756521739130435,0.014833333333333334,0.016,0.4614979781005684,0.33520000000000005,0.0,artifacts/ofcl_transfer/fsc89/seed3429/metrics.json
OFCL-acoustic-transfer,LS-100,official-component-transfer,3420,0.852875,0.47045833333333337,0.3885,0.7908792311661506,0.8892,0.7978066297420838,artifacts/ofcl_transfer/ls100/seed3420/metrics.json
OFCL-acoustic-transfer,LS-100,official-component-transfer,3421,0.852875,0.536875,0.4545,0.8024994066047472,0.8888,0.7901846785225717,artifacts/ofcl_transfer/ls100/seed3421/metrics.json
OFCL-acoustic-transfer,LS-100,official-component-transfer,3422,0.852875,0.4452916666666667,0.3475,0.7873896886824905,0.8944,0.7978066297420838,artifacts/ofcl_transfer/ls100/seed3422/metrics.json
OFCL-acoustic-transfer,LS-100,official-component-transfer,3423,0.852875,0.5107083333333333,0.4075,0.79881805125559,0.8944,0.7901846785225717,artifacts/ofcl_transfer/ls100/seed3423/metrics.json
OFCL-acoustic-transfer,LS-100,official-component-transfer,3424,0.852875,0.5122083333333334,0.4135,0.79914305125559,0.8944,0.7901846785225717,artifacts/ofcl_transfer/ls100/seed3424/metrics.json
OFCL-acoustic-transfer,LS-100,official-component-transfer,3425,0.852875,0.5115833333333334,0.411,0.79906805125559,0.8944,0.7901846785225717,artifacts/ofcl_transfer/ls100/seed3425/metrics.json
OFCL-acoustic-transfer,LS-100,official-component-transfer,3426,0.852875,0.5107083333333333,0.4075,0.79881805125559,0.8944,0.7901846785225717,artifacts/ofcl_transfer/ls100/seed3426/metrics.json
OFCL-acoustic-transfer,LS-100,official-component-transfer,3427,0.852875,0.527875,0.3905,0.7963093825249399,0.8944,0.7978066297420838,artifacts/ofcl_transfer/ls100/seed3427/metrics.json
OFCL-acoustic-transfer,LS-100,official-component-transfer,3428,0.852875,0.5120833333333333,0.413,0.79909305125559,0.8944,0.7901846785225717,artifacts/ofcl_transfer/ls100/seed3428/metrics.json
OFCL-acoustic-transfer,LS-100,official-component-transfer,3429,0.852875,0.5429999999999999,0.409,0.8010495872033024,0.8944,0.7901846785225717,artifacts/ofcl_transfer/ls100/seed3429/metrics.json
OFCL-acoustic-transfer,NS-100,official-component-transfer,3420,0.9985,0.625875,0.6195,0.9489786807705538,0.9380000000000001,0.8989494301994301,artifacts/ofcl_transfer/ns100/seed3420/metrics.json
OFCL-acoustic-transfer,NS-100,official-component-transfer,3421,0.9985,0.6134166666666667,0.607,0.9462926470588235,0.9356000000000001,0.8989494301994301,artifacts/ofcl_transfer/ns100/seed3421/metrics.json
OFCL-acoustic-transfer,NS-100,official-component-transfer,3422,0.9985,0.5957916666666667,0.6025,0.9447748796009632,0.9380000000000001,0.8989494301994301,artifacts/ofcl_transfer/ns100/seed3422/metrics.json
OFCL-acoustic-transfer,NS-100,official-component-transfer,3423,0.9985,0.5811666666666666,0.544,0.9418498796009632,0.9380000000000001,0.8989494301994301,artifacts/ofcl_transfer/ns100/seed3423/metrics.json
OFCL-acoustic-transfer,NS-100,official-component-transfer,3424,0.9985,0.5957916666666667,0.6025,0.9447748796009632,0.9380000000000001,0.8989494301994301,artifacts/ofcl_transfer/ns100/seed3424/metrics.json
OFCL-acoustic-transfer,NS-100,official-component-transfer,3425,0.9985,0.5907916666666667,0.5975,0.9440380374957,0.9380000000000001,0.8989494301994301,artifacts/ofcl_transfer/ns100/seed3425/metrics.json
OFCL-acoustic-transfer,NS-100,official-component-transfer,3426,0.9985,0.5957916666666667,0.6025,0.9447748796009632,0.9380000000000001,0.8989494301994301,artifacts/ofcl_transfer/ns100/seed3426/metrics.json
OFCL-acoustic-transfer,NS-100,official-component-transfer,3427,0.9985,0.5957916666666667,0.6025,0.9447748796009632,0.9380000000000001,0.8989494301994301,artifacts/ofcl_transfer/ns100/seed3427/metrics.json
OFCL-acoustic-transfer,NS-100,official-component-transfer,3428,0.9985,0.5957916666666667,0.6025,0.9447748796009632,0.9380000000000001,0.8989494301994301,artifacts/ofcl_transfer/ns100/seed3428/metrics.json
OFCL-acoustic-transfer,NS-100,official-component-transfer,3429,0.9985,0.5957916666666667,0.6025,0.9447748796009632,0.9380000000000001,0.8989494301994301,artifacts/ofcl_transfer/ns100/seed3429/metrics.json
OPCR-acoustic,FSC-89,paper-reimplementation,3420,0.5592753623188406,0.0056458333333333326,0.00575,0.4653181963558332,0.6682,0.6689189189189189,artifacts/opcr/fsc89/seed3420/metrics.json
OPCR-acoustic,FSC-89,paper-reimplementation,3421,0.5592753623188406,0.012729166666666666,0.00925,0.4661782116045379,0.6682,0.6689189189189189,artifacts/opcr/fsc89/seed3421/metrics.json
OPCR-acoustic,FSC-89,paper-reimplementation,3422,0.5592753623188406,0.012437499999999999,0.00875,0.46612035981213557,0.6682,0.6689189189189189,artifacts/opcr/fsc89/seed3422/metrics.json
OPCR-acoustic,FSC-89,paper-reimplementation,3423,0.5592753623188406,0.012437499999999999,0.00875,0.46612035981213557,0.6682,0.6689189189189189,artifacts/opcr/fsc89/seed3423/metrics.json
OPCR-acoustic,FSC-89,paper-reimplementation,3424,0.5592753623188406,0.011770833333333333,0.00775,0.4659897752749499,0.6682,0.6689189189189189,artifacts/opcr/fsc89/seed3424/metrics.json
OPCR-acoustic,FSC-89,paper-reimplementation,3425,0.5592753623188406,0.0056458333333333326,0.00575,0.4653181963558332,0.6682,0.6689189189189189,artifacts/opcr/fsc89/seed3425/metrics.json
OPCR-acoustic,FSC-89,paper-reimplementation,3426,0.5592753623188406,0.0120625,0.00825,0.4660476270673522,0.6682,0.6689189189189189,artifacts/opcr/fsc89/seed3426/metrics.json
OPCR-acoustic,FSC-89,paper-reimplementation,3427,0.5592753623188406,0.011770833333333333,0.00775,0.4659897752749499,0.6682,0.6689189189189189,artifacts/opcr/fsc89/seed3427/metrics.json
OPCR-acoustic,FSC-89,paper-reimplementation,3428,0.5592753623188406,0.0115625,0.00725,0.4659468044349285,0.6682,0.6689189189189189,artifacts/opcr/fsc89/seed3428/metrics.json
OPCR-acoustic,FSC-89,paper-reimplementation,3429,0.5592753623188406,0.0056458333333333326,0.00575,0.4653181963558332,0.6682,0.6689189189189189,artifacts/opcr/fsc89/seed3429/metrics.json
OPCR-acoustic,LS-100,paper-reimplementation,3420,0.857125,0.42625,0.307,0.7948408152734777,0.8562000000000001,0.8041092938633922,artifacts/opcr/ls100/seed3420/metrics.json
OPCR-acoustic,LS-100,paper-reimplementation,3421,0.857125,0.43012500000000004,0.3225,0.7958658152734778,0.8557999999999999,0.8041092938633922,artifacts/opcr/ls100/seed3421/metrics.json
OPCR-acoustic,LS-100,paper-reimplementation,3422,0.857125,0.43012500000000004,0.3225,0.7958658152734778,0.8562000000000001,0.8041092938633922,artifacts/opcr/ls100/seed3422/metrics.json
OPCR-acoustic,LS-100,paper-reimplementation,3423,0.857125,0.42625,0.307,0.7948408152734777,0.8562000000000001,0.8041092938633922,artifacts/opcr/ls100/seed3423/metrics.json
OPCR-acoustic,LS-100,paper-reimplementation,3424,0.857125,0.43012500000000004,0.3225,0.7958658152734778,0.8562000000000001,0.8041092938633922,artifacts/opcr/ls100/seed3424/metrics.json
OPCR-acoustic,LS-100,paper-reimplementation,3425,0.857125,0.42625,0.307,0.7948408152734777,0.8557999999999999,0.8041092938633922,artifacts/opcr/ls100/seed3425/metrics.json
OPCR-acoustic,LS-100,paper-reimplementation,3426,0.857125,0.4713333333333333,0.359,0.8018326281389749,0.8562000000000001,0.8041092938633922,artifacts/opcr/ls100/seed3426/metrics.json
OPCR-acoustic,LS-100,paper-reimplementation,3427,0.857125,0.43012500000000004,0.3225,0.7958658152734778,0.8562000000000001,0.8041092938633922,artifacts/opcr/ls100/seed3427/metrics.json
OPCR-acoustic,LS-100,paper-reimplementation,3428,0.857125,0.43012500000000004,0.3225,0.7958658152734778,0.8562000000000001,0.8041092938633922,artifacts/opcr/ls100/seed3428/metrics.json
OPCR-acoustic,LS-100,paper-reimplementation,3429,0.857125,0.42625,0.307,0.7948408152734777,0.8562000000000001,0.8041092938633922,artifacts/opcr/ls100/seed3429/metrics.json
OPCR-acoustic,NS-100,paper-reimplementation,3420,0.9985,0.437625,0.5265,0.9287979618163055,0.956,0.9170718255064759,artifacts/opcr/ns100/seed3420/metrics.json
OPCR-acoustic,NS-100,paper-reimplementation,3421,0.9985,0.42304166666666665,0.4615,0.9258111197110424,0.9551999999999999,0.9170718255064759,artifacts/opcr/ns100/seed3421/metrics.json
OPCR-acoustic,NS-100,paper-reimplementation,3422,0.9985,0.437625,0.5265,0.9287979618163055,0.956,0.9170718255064759,artifacts/opcr/ns100/seed3422/metrics.json
OPCR-acoustic,NS-100,paper-reimplementation,3423,0.9985,0.42304166666666665,0.4615,0.9258111197110424,0.9551999999999999,0.9170718255064759,artifacts/opcr/ns100/seed3423/metrics.json
OPCR-acoustic,NS-100,paper-reimplementation,3424,0.9985,0.4415416666666666,0.5355,0.9295111197110423,0.9551999999999999,0.9170718255064759,artifacts/opcr/ns100/seed3424/metrics.json
OPCR-acoustic,NS-100,paper-reimplementation,3425,0.9985,0.4409166666666666,0.533,0.9293861197110422,0.9551999999999999,0.9170718255064759,artifacts/opcr/ns100/seed3425/metrics.json
OPCR-acoustic,NS-100,paper-reimplementation,3426,0.9985,0.42241666666666666,0.459,0.9256861197110423,0.9551999999999999,0.9170718255064759,artifacts/opcr/ns100/seed3426/metrics.json
OPCR-acoustic,NS-100,paper-reimplementation,3427,0.9985,0.42241666666666666,0.459,0.9256861197110423,0.9551999999999999,0.9170718255064759,artifacts/opcr/ns100/seed3427/metrics.json
OPCR-acoustic,NS-100,paper-reimplementation,3428,0.9985,0.42304166666666665,0.4615,0.9258111197110424,0.9551999999999999,0.9170718255064759,artifacts/opcr/ns100/seed3428/metrics.json
OPCR-acoustic,NS-100,paper-reimplementation,3429,0.9985,0.4409166666666666,0.533,0.9293861197110422,0.9551999999999999,0.9170718255064759,artifacts/opcr/ns100/seed3429/metrics.json
YLOC-PAL-acoustic,FSC-89,paper-reimplementation,3420,0.5756521739130435,0.0,0.0,0.4855455482403996,0.3024,0.5157545605306799,artifacts/yloc/fsc89/seed3420/metrics.json
YLOC-PAL-acoustic,FSC-89,paper-reimplementation,3421,0.5756521739130435,0.0,0.0,0.4855455482403996,0.3024,0.5157545605306799,artifacts/yloc/fsc89/seed3421/metrics.json
YLOC-PAL-acoustic,FSC-89,paper-reimplementation,3422,0.5756521739130435,0.0,0.0,0.4855455482403996,0.3024,0.5157545605306799,artifacts/yloc/fsc89/seed3422/metrics.json
YLOC-PAL-acoustic,FSC-89,paper-reimplementation,3423,0.5756521739130435,0.0,0.0,0.4855455482403996,0.3024,0.5157545605306799,artifacts/yloc/fsc89/seed3423/metrics.json
YLOC-PAL-acoustic,FSC-89,paper-reimplementation,3424,0.5756521739130435,0.00029166666666666664,0.0005,0.485603400032802,0.3024,0.5157545605306799,artifacts/yloc/fsc89/seed3424/metrics.json
YLOC-PAL-acoustic,FSC-89,paper-reimplementation,3425,0.5756521739130435,0.0,0.0,0.4855455482403996,0.3024,0.5157545605306799,artifacts/yloc/fsc89/seed3425/metrics.json
YLOC-PAL-acoustic,FSC-89,paper-reimplementation,3426,0.5756521739130435,0.0,0.0,0.4855455482403996,0.3024,0.5157545605306799,artifacts/yloc/fsc89/seed3426/metrics.json
YLOC-PAL-acoustic,FSC-89,paper-reimplementation,3427,0.5756521739130435,0.0,0.0,0.4855455482403996,0.3024,0.5157545605306799,artifacts/yloc/fsc89/seed3427/metrics.json
YLOC-PAL-acoustic,FSC-89,paper-reimplementation,3428,0.5756521739130435,0.0,0.0,0.4855455482403996,0.3024,0.5157545605306799,artifacts/yloc/fsc89/seed3428/metrics.json
YLOC-PAL-acoustic,FSC-89,paper-reimplementation,3429,0.5756521739130435,0.0,0.0,0.4855455482403996,0.3024,0.5157545605306799,artifacts/yloc/fsc89/seed3429/metrics.json
YLOC-PAL-acoustic,LS-100,paper-reimplementation,3420,0.852875,0.558875,0.4265,0.8055000687994497,0.7996000000000001,0.7925487305806482,artifacts/yloc/ls100/seed3420/metrics.json
YLOC-PAL-acoustic,LS-100,paper-reimplementation,3421,0.852875,0.5640833333333333,0.416,0.806127528379773,0.7996000000000001,0.7925487305806482,artifacts/yloc/ls100/seed3421/metrics.json
YLOC-PAL-acoustic,LS-100,paper-reimplementation,3422,0.852875,0.507375,0.3795,0.79806217750258,0.7992,0.7925487305806482,artifacts/yloc/ls100/seed3422/metrics.json
YLOC-PAL-acoustic,LS-100,paper-reimplementation,3423,0.852875,0.5067083333333333,0.3785,0.7979830839353286,0.7999999999999999,0.7925487305806482,artifacts/yloc/ls100/seed3423/metrics.json
YLOC-PAL-acoustic,LS-100,paper-reimplementation,3424,0.852875,0.506625,0.3775,0.797909864121087,0.8004,0.7925487305806482,artifacts/yloc/ls100/seed3424/metrics.json
YLOC-PAL-acoustic,LS-100,paper-reimplementation,3425,0.852875,0.5175416666666667,0.3885,0.7995399552803577,0.8008,0.7925487305806482,artifacts/yloc/ls100/seed3425/metrics.json
YLOC-PAL-acoustic,LS-100,paper-reimplementation,3426,0.852875,0.5174166666666666,0.388,0.7995149552803578,0.7988,0.7925487305806482,artifacts/yloc/ls100/seed3426/metrics.json
YLOC-PAL-acoustic,LS-100,paper-reimplementation,3427,0.852875,0.5177916666666667,0.3895,0.7996662710698315,0.8008,0.7925487305806482,artifacts/yloc/ls100/seed3427/metrics.json
YLOC-PAL-acoustic,LS-100,paper-reimplementation,3428,0.852875,0.5077499999999999,0.379,0.7980665892672859,0.7988,0.7925487305806482,artifacts/yloc/ls100/seed3428/metrics.json
YLOC-PAL-acoustic,LS-100,paper-reimplementation,3429,0.852875,0.5130416666666666,0.3685,0.7986693670450636,0.7992,0.7925487305806482,artifacts/yloc/ls100/seed3429/metrics.json
YLOC-PAL-acoustic,NS-100,paper-reimplementation,3420,0.9985,0.6653333333333333,0.636,0.9528870399036807,0.968,0.9129978672011512,artifacts/yloc/ns100/seed3420/metrics.json
YLOC-PAL-acoustic,NS-100,paper-reimplementation,3421,0.9985,0.59775,0.626,0.9476396886824905,0.9560000000000001,0.8921940846952411,artifacts/yloc/ns100/seed3421/metrics.json
YLOC-PAL-acoustic,NS-100,paper-reimplementation,3422,0.9985,0.5969166666666667,0.626,0.946740565875473,0.9388,0.8831521739130435,artifacts/yloc/ns100/seed3422/metrics.json
YLOC-PAL-acoustic,NS-100,paper-reimplementation,3423,0.9985,0.5962916666666667,0.6205,0.9465488992088062,0.9556,0.901177536231884,artifacts/yloc/ns100/seed3423/metrics.json
YLOC-PAL-acoustic,NS-100,paper-reimplementation,3424,0.9985,0.5951666666666666,0.618,0.9463683436532508,0.9452,0.8873631668208449,artifacts/yloc/ns100/seed3424/metrics.json
YLOC-PAL-acoustic,NS-100,paper-reimplementation,3425,0.9985,0.5924166666666666,0.619,0.9459446594427244,0.9540000000000001,0.8921940846952411,artifacts/yloc/ns100/seed3425/metrics.json
YLOC-PAL-acoustic,NS-100,paper-reimplementation,3426,0.9985,0.5973333333333333,0.625,0.9475633728930168,0.9556,0.8921940846952411,artifacts/yloc/ns100/seed3426/metrics.json
YLOC-PAL-acoustic,NS-100,paper-reimplementation,3427,0.9985,0.5806250000000001,0.6055,0.944186326109391,0.944,0.8873631668208449,artifacts/yloc/ns100/seed3427/metrics.json
YLOC-PAL-acoustic,NS-100,paper-reimplementation,3428,0.9985,0.5982083333333333,0.6315,0.9469907120743034,0.9540000000000001,0.8921940846952411,artifacts/yloc/ns100/seed3428/metrics.json
YLOC-PAL-acoustic,NS-100,paper-reimplementation,3429,0.9985,0.5965416666666666,0.6215,0.9465988992088064,0.9548,0.8965881642512078,artifacts/yloc/ns100/seed3429/metrics.json
Happy-HAProto-acoustic,FSC-89,official-component-reimplementation,3420,0.5756521739130435,0.05925,0.05,0.16228757282741424,0.37999999999999995,0.14285714285714285,artifacts/happy/fsc89/seed3420/metrics.json
Happy-HAProto-acoustic,FSC-89,official-component-reimplementation,3421,0.5756521739130435,0.05433333333333333,0.05,0.16134679125785475,0.3872,0.14285714285714285,artifacts/happy/fsc89/seed3421/metrics.json
Happy-HAProto-acoustic,FSC-89,official-component-reimplementation,3422,0.5756521739130435,0.05441666666666667,0.05,0.16102803517956057,0.4008,0.14285714285714285,artifacts/happy/fsc89/seed3422/metrics.json
Happy-HAProto-acoustic,FSC-89,official-component-reimplementation,3423,0.5756521739130435,0.05425000000000001,0.05,0.15987373519312434,0.3868,0.14285714285714285,artifacts/happy/fsc89/seed3423/metrics.json
Happy-HAProto-acoustic,FSC-89,official-component-reimplementation,3424,0.5756521739130435,0.05358333333333333,0.05,0.16111720345795336,0.39840000000000003,0.14285714285714285,artifacts/happy/fsc89/seed3424/metrics.json
Happy-HAProto-acoustic,FSC-89,official-component-reimplementation,3425,0.5756521739130435,0.059229166666666666,0.04825,0.16127941680454658,0.3864,0.14285714285714285,artifacts/happy/fsc89/seed3425/metrics.json
Happy-HAProto-acoustic,FSC-89,official-component-reimplementation,3426,0.5756521739130435,0.05591666666666667,0.059,0.16218274416094783,0.38880000000000003,0.14285714285714285,artifacts/happy/fsc89/seed3426/metrics.json
Happy-HAProto-acoustic,FSC-89,official-component-reimplementation,3427,0.5756521739130435,0.05441666666666667,0.05,0.16112766148745208,0.39480000000000004,0.14285714285714285,artifacts/happy/fsc89/seed3427/metrics.json
Happy-HAProto-acoustic,FSC-89,official-component-reimplementation,3428,0.5756521739130435,0.053979166666666675,0.04825,0.1624763829154652,0.3847999999999999,0.14285714285714285,artifacts/happy/fsc89/seed3428/metrics.json
Happy-HAProto-acoustic,FSC-89,official-component-reimplementation,3429,0.5756521739130435,0.05658333333333333,0.059,0.16409830473366063,0.4056,0.14285714285714285,artifacts/happy/fsc89/seed3429/metrics.json
Happy-HAProto-acoustic,LS-100,official-component-reimplementation,3420,0.852875,0.3732916666666667,0.2435,0.5831660904712762,0.6083999999999999,0.2894204851752022,artifacts/happy/ls100/seed3420/metrics.json
Happy-HAProto-acoustic,LS-100,official-component-reimplementation,3421,0.852875,0.3974583333333333,0.2665,0.5820939628482972,0.7032,0.35608715184186884,artifacts/happy/ls100/seed3421/metrics.json
Happy-HAProto-acoustic,LS-100,official-component-reimplementation,3422,0.852875,0.33549999999999996,0.156,0.5689085569315446,0.6576,0.3727538185085355,artifacts/happy/ls100/seed3422/metrics.json
Happy-HAProto-acoustic,LS-100,official-component-reimplementation,3423,0.852875,0.4084583333333333,0.2905,0.5848949346405229,0.6828000000000001,0.35608715184186884,artifacts/happy/ls100/seed3423/metrics.json
Happy-HAProto-acoustic,LS-100,official-component-reimplementation,3424,0.852875,0.35524999999999995,0.21,0.5823701840385277,0.5936,0.2894204851752022,artifacts/happy/ls100/seed3424/metrics.json
Happy-HAProto-acoustic,LS-100,official-component-reimplementation,3425,0.852875,0.3675,0.238,0.5868176814585483,0.6304000000000001,0.2894204851752022,artifacts/happy/ls100/seed3425/metrics.json
Happy-HAProto-acoustic,LS-100,official-component-reimplementation,3426,0.852875,0.38154166666666667,0.2525,0.5811813811489508,0.7132000000000001,0.35608715184186884,artifacts/happy/ls100/seed3426/metrics.json
Happy-HAProto-acoustic,LS-100,official-component-reimplementation,3427,0.852875,0.3720416666666667,0.2335,0.5816550911592707,0.618,0.2894204851752022,artifacts/happy/ls100/seed3427/metrics.json
Happy-HAProto-acoustic,LS-100,official-component-reimplementation,3428,0.852875,0.37575000000000003,0.239,0.5776080323357413,0.6676,0.2894204851752022,artifacts/happy/ls100/seed3428/metrics.json
Happy-HAProto-acoustic,LS-100,official-component-reimplementation,3429,0.852875,0.37920833333333326,0.2365,0.5776660302717579,0.6676,0.2894204851752022,artifacts/happy/ls100/seed3429/metrics.json
Happy-HAProto-acoustic,NS-100,official-component-reimplementation,3420,0.9985,0.314625,0.1595,0.637102829377365,0.5956,0.23958333333333334,artifacts/happy/ns100/seed3420/metrics.json
Happy-HAProto-acoustic,NS-100,official-component-reimplementation,3421,0.9985,0.24158333333333334,0.094,0.6320453044375645,0.5568000000000001,0.23958333333333334,artifacts/happy/ns100/seed3421/metrics.json
Happy-HAProto-acoustic,NS-100,official-component-reimplementation,3422,0.9985,0.29091666666666666,0.194,0.6396646542827658,0.55,0.23958333333333334,artifacts/happy/ns100/seed3422/metrics.json
Happy-HAProto-acoustic,NS-100,official-component-reimplementation,3423,0.9985,0.2879583333333333,0.1995,0.6409826195390436,0.5788000000000001,0.23958333333333334,artifacts/happy/ns100/seed3423/metrics.json
Happy-HAProto-acoustic,NS-100,official-component-reimplementation,3424,0.9985,0.2763333333333333,0.192,0.6374512641898865,0.5568,0.23958333333333334,artifacts/happy/ns100/seed3424/metrics.json
Happy-HAProto-acoustic,NS-100,official-component-reimplementation,3425,0.9985,0.2945,0.182,0.6376589697282422,0.5672,0.23958333333333334,artifacts/happy/ns100/seed3425/metrics.json
Happy-HAProto-acoustic,NS-100,official-component-reimplementation,3426,0.9985,0.27975,0.196,0.6370178104575163,0.572,0.23958333333333334,artifacts/happy/ns100/seed3426/metrics.json
Happy-HAProto-acoustic,NS-100,official-component-reimplementation,3427,0.9985,0.2825416666666667,0.1855,0.6404953560371516,0.5676000000000001,0.23958333333333334,artifacts/happy/ns100/seed3427/metrics.json
Happy-HAProto-acoustic,NS-100,official-component-reimplementation,3428,0.9985,0.28841666666666665,0.195,0.6346766683866528,0.5556,0.23958333333333334,artifacts/happy/ns100/seed3428/metrics.json
Happy-HAProto-acoustic,NS-100,official-component-reimplementation,3429,0.9985,0.2770416666666667,0.1595,0.6334538871689027,0.5519999999999999,0.23958333333333334,artifacts/happy/ns100/seed3429/metrics.json
