method,dataset,metric,session,n,mean,sample_std,complete_10,source
TEEN,LS-100,known,1,10,0.9736466,0.03067187341378271,True,logs/raw_v2_teen_ls100_10runs.log
TEEN,LS-100,known,2,10,0.862533,0.1545614160304354,True,logs/raw_v2_teen_ls100_10runs.log
TEEN,LS-100,known,3,10,0.6642281000000001,0.1430860643765376,True,logs/raw_v2_teen_ls100_10runs.log
TEEN,LS-100,known,4,10,0.7933702,0.14436083796499505,True,logs/raw_v2_teen_ls100_10runs.log
TEEN,LS-100,unknown,1,10,0.9876666000000001,0.019863842703095835,True,logs/raw_v2_teen_ls100_10runs.log
TEEN,LS-100,unknown,2,10,0.7792662,0.15379763146333994,True,logs/raw_v2_teen_ls100_10runs.log
TEEN,LS-100,unknown,3,10,0.4071754,0.10448317462230727,True,logs/raw_v2_teen_ls100_10runs.log
TEEN,LS-100,unknown,4,10,0.5404287,0.12302531228351163,True,logs/raw_v2_teen_ls100_10runs.log
TEEN,LS-100,auroc,1,10,1.0,0.0,True,logs/raw_v2_teen_ls100_10runs.log
TEEN,LS-100,auroc,2,10,0.9495999999999999,0.05293316540695446,True,logs/raw_v2_teen_ls100_10runs.log
TEEN,LS-100,auroc,3,10,0.7952,0.05090470399569068,True,logs/raw_v2_teen_ls100_10runs.log
TEEN,LS-100,auroc,4,10,0.8675200000000001,0.08312406791457373,True,logs/raw_v2_teen_ls100_10runs.log
TEEN,LS-100,f1,1,10,0.9855442,0.017101122879312147,True,logs/raw_v2_teen_ls100_10runs.log
TEEN,LS-100,f1,2,10,0.8425948,0.1287488212483689,True,logs/raw_v2_teen_ls100_10runs.log
TEEN,LS-100,f1,3,10,0.7337416,0.06408639827469025,True,logs/raw_v2_teen_ls100_10runs.log
TEEN,LS-100,f1,4,10,0.8259034000000002,0.07572809142539731,True,logs/raw_v2_teen_ls100_10runs.log
TEEN,LS-100,inc,1,10,0.9073999999999998,0.04639013305051457,True,logs/raw_v2_teen_ls100_10runs.log
TEEN,LS-100,inc,2,10,0.7333,0.06058611868883642,True,logs/raw_v2_teen_ls100_10runs.log
TEEN,LS-100,inc,3,10,0.5846665,0.04516751263475899,True,logs/raw_v2_teen_ls100_10runs.log
TEEN,LS-100,inc,4,10,0.5613500000000001,0.05525901133148634,True,logs/raw_v2_teen_ls100_10runs.log
TEEN,LS-100,all,1,10,0.9318470999999999,0.0027356428637118767,True,logs/raw_v2_teen_ls100_10runs.log
TEEN,LS-100,all,2,10,0.9105221,0.006521289757402278,True,logs/raw_v2_teen_ls100_10runs.log
TEEN,LS-100,all,3,10,0.8768315000000001,0.007014800040707591,True,logs/raw_v2_teen_ls100_10runs.log
TEEN,LS-100,all,4,10,0.8571100000000001,0.010755923432643458,True,logs/raw_v2_teen_ls100_10runs.log
TEEN,NS-100,known,1,10,0.7484479,0.06622297204721836,True,logs/raw_v2_teen_ns100_10runs.log
TEEN,NS-100,known,2,10,0.7237324999999999,0.1062609553999022,True,logs/raw_v2_teen_ns100_10runs.log
TEEN,NS-100,known,3,10,0.8305363,0.15769387997499035,True,logs/raw_v2_teen_ns100_10runs.log
TEEN,NS-100,known,4,10,0.6980796,0.19084809338563832,True,logs/raw_v2_teen_ns100_10runs.log
TEEN,NS-100,unknown,1,10,0.8123648000000001,0.09071807047208277,True,logs/raw_v2_teen_ns100_10runs.log
TEEN,NS-100,unknown,2,10,0.7734561999999999,0.12342519108422632,True,logs/raw_v2_teen_ns100_10runs.log
TEEN,NS-100,unknown,3,10,0.7617779,0.1823052841011777,True,logs/raw_v2_teen_ns100_10runs.log
TEEN,NS-100,unknown,4,10,0.5604152000000001,0.16938065258451318,True,logs/raw_v2_teen_ns100_10runs.log
TEEN,NS-100,auroc,1,10,0.97136,0.021643741718001434,True,logs/raw_v2_teen_ns100_10runs.log
TEEN,NS-100,auroc,2,10,0.8755200000000001,0.10282356841805397,True,logs/raw_v2_teen_ns100_10runs.log
TEEN,NS-100,auroc,3,10,0.9299199999999999,0.06342766308515901,True,logs/raw_v2_teen_ns100_10runs.log
TEEN,NS-100,auroc,4,10,0.80016,0.1465423958374428,True,logs/raw_v2_teen_ns100_10runs.log
TEEN,NS-100,f1,1,10,0.7823485,0.08650924156316094,True,logs/raw_v2_teen_ns100_10runs.log
TEEN,NS-100,f1,2,10,0.7397609999999999,0.10879946459018587,True,logs/raw_v2_teen_ns100_10runs.log
TEEN,NS-100,f1,3,10,0.8633559,0.04758046635484403,True,logs/raw_v2_teen_ns100_10runs.log
TEEN,NS-100,f1,4,10,0.7093819000000001,0.13955656323707763,True,logs/raw_v2_teen_ns100_10runs.log
TEEN,NS-100,inc,1,10,0.5094000000000001,0.05040326268099009,True,logs/raw_v2_teen_ns100_10runs.log
TEEN,NS-100,inc,2,10,0.5195,0.059050355159342136,True,logs/raw_v2_teen_ns100_10runs.log
TEEN,NS-100,inc,3,10,0.5637332,0.057019964622148894,True,logs/raw_v2_teen_ns100_10runs.log
TEEN,NS-100,inc,4,10,0.5052,0.054701310161031184,True,logs/raw_v2_teen_ns100_10runs.log
TEEN,NS-100,all,1,10,0.9694470000000001,0.0029121210673856,True,logs/raw_v2_teen_ns100_10runs.log
TEEN,NS-100,all,2,10,0.9449999,0.0065716824067780216,True,logs/raw_v2_teen_ns100_10runs.log
TEEN,NS-100,all,3,10,0.9294632000000002,0.008981397339934232,True,logs/raw_v2_teen_ns100_10runs.log
TEEN,NS-100,all,4,10,0.8993800000000001,0.010895646429244628,True,logs/raw_v2_teen_ns100_10runs.log
TEEN,FSC-89,known,1,10,0.9244036999999998,0.04437263749967741,True,logs/raw_v2_teen_fsc89_10runs.log
TEEN,FSC-89,known,2,10,0.5502133,0.23299128125606855,True,logs/raw_v2_teen_fsc89_10runs.log
TEEN,FSC-89,known,3,10,0.6591517999999998,0.2970745524760484,True,logs/raw_v2_teen_fsc89_10runs.log
TEEN,FSC-89,known,4,10,0.6628018999999999,0.2799497529948504,True,logs/raw_v2_teen_fsc89_10runs.log
TEEN,FSC-89,unknown,1,10,0.5762297000000001,0.10186012547503016,True,logs/raw_v2_teen_fsc89_10runs.log
TEEN,FSC-89,unknown,2,10,0.315639,0.1580952322965145,True,logs/raw_v2_teen_fsc89_10runs.log
TEEN,FSC-89,unknown,3,10,0.2454834,0.19782209437337042,True,logs/raw_v2_teen_fsc89_10runs.log
TEEN,FSC-89,unknown,4,10,0.159771,0.09434425818246704,True,logs/raw_v2_teen_fsc89_10runs.log
TEEN,FSC-89,auroc,1,10,0.9873600000000001,0.013268107124479627,True,logs/raw_v2_teen_fsc89_10runs.log
TEEN,FSC-89,auroc,2,10,0.51824,0.21618816495513038,True,logs/raw_v2_teen_fsc89_10runs.log
TEEN,FSC-89,auroc,3,10,0.5888,0.2307626775137898,True,logs/raw_v2_teen_fsc89_10runs.log
TEEN,FSC-89,auroc,4,10,0.58944,0.19222830870261193,True,logs/raw_v2_teen_fsc89_10runs.log
TEEN,FSC-89,f1,1,10,0.9554832,0.027941881960796985,True,logs/raw_v2_teen_fsc89_10runs.log
TEEN,FSC-89,f1,2,10,0.45124519999999996,0.2840097936792556,True,logs/raw_v2_teen_fsc89_10runs.log
TEEN,FSC-89,f1,3,10,0.5686904,0.27052234478841525,True,logs/raw_v2_teen_fsc89_10runs.log
TEEN,FSC-89,f1,4,10,0.5449048999999999,0.2972038804301967,True,logs/raw_v2_teen_fsc89_10runs.log
TEEN,FSC-89,inc,1,10,0.3439,0.07056509996686276,True,logs/raw_v2_teen_fsc89_10runs.log
TEEN,FSC-89,inc,2,10,0.2363,0.053235430975160807,True,logs/raw_v2_teen_fsc89_10runs.log
TEEN,FSC-89,inc,3,10,0.18433320000000003,0.036273196240628025,True,logs/raw_v2_teen_fsc89_10runs.log
TEEN,FSC-89,inc,4,10,0.15760000000000002,0.023502127563265418,True,logs/raw_v2_teen_fsc89_10runs.log
TEEN,FSC-89,all,1,10,0.40724330000000003,0.004631951689682823,True,logs/raw_v2_teen_fsc89_10runs.log
TEEN,FSC-89,all,2,10,0.38453790000000004,0.005398077609462264,True,logs/raw_v2_teen_fsc89_10runs.log
TEEN,FSC-89,all,3,10,0.36295819999999995,0.0058003850408591085,True,logs/raw_v2_teen_fsc89_10runs.log
TEEN,FSC-89,all,4,10,0.34275289999999997,0.003182969104817414,True,logs/raw_v2_teen_fsc89_10runs.log
FOWAC-UMR,LS-100,known,1,10,0.9736466,0.03067187341378271,True,logs/raw_v2_umr_ls100_10runs.log
FOWAC-UMR,LS-100,known,2,10,0.9269207000000002,0.08208575027514417,True,logs/raw_v2_umr_ls100_10runs.log
FOWAC-UMR,LS-100,known,3,10,0.6998300999999999,0.15212906587532835,True,logs/raw_v2_umr_ls100_10runs.log
FOWAC-UMR,LS-100,known,4,10,0.8488581,0.16357971376430244,True,logs/raw_v2_umr_ls100_10runs.log
FOWAC-UMR,LS-100,unknown,1,10,0.9876666000000001,0.019863842703095835,True,logs/raw_v2_umr_ls100_10runs.log
FOWAC-UMR,LS-100,unknown,2,10,0.7595677,0.18197300046255335,True,logs/raw_v2_umr_ls100_10runs.log
FOWAC-UMR,LS-100,unknown,3,10,0.5240918000000001,0.1709284418851611,True,logs/raw_v2_umr_ls100_10runs.log
FOWAC-UMR,LS-100,unknown,4,10,0.48085459999999997,0.12883108868092016,True,logs/raw_v2_umr_ls100_10runs.log
FOWAC-UMR,LS-100,auroc,1,10,1.0,0.0,True,logs/raw_v2_umr_ls100_10runs.log
FOWAC-UMR,LS-100,auroc,2,10,0.9620799999999999,0.07636189858532562,True,logs/raw_v2_umr_ls100_10runs.log
FOWAC-UMR,LS-100,auroc,3,10,0.8111999999999998,0.054801135430248574,True,logs/raw_v2_umr_ls100_10runs.log
FOWAC-UMR,LS-100,auroc,4,10,0.86144,0.10492498060783978,True,logs/raw_v2_umr_ls100_10runs.log
FOWAC-UMR,LS-100,f1,1,10,0.9855442,0.017101122879312147,True,logs/raw_v2_umr_ls100_10runs.log
FOWAC-UMR,LS-100,f1,2,10,0.9141603,0.0736557252569155,True,logs/raw_v2_umr_ls100_10runs.log
FOWAC-UMR,LS-100,f1,3,10,0.7750376,0.09526562645361654,True,logs/raw_v2_umr_ls100_10runs.log
FOWAC-UMR,LS-100,f1,4,10,0.8275979999999998,0.07309774208399175,True,logs/raw_v2_umr_ls100_10runs.log
FOWAC-UMR,LS-100,inc,1,10,0.9057999999999999,0.04628846748621326,True,logs/raw_v2_umr_ls100_10runs.log
FOWAC-UMR,LS-100,inc,2,10,0.7607999999999999,0.05817941598576289,True,logs/raw_v2_umr_ls100_10runs.log
FOWAC-UMR,LS-100,inc,3,10,0.5923332,0.04991068120998195,True,logs/raw_v2_umr_ls100_10runs.log
FOWAC-UMR,LS-100,inc,4,10,0.55715,0.05546122268957132,True,logs/raw_v2_umr_ls100_10runs.log
FOWAC-UMR,LS-100,all,1,10,0.9321529,0.002800655496684865,True,logs/raw_v2_umr_ls100_10runs.log
FOWAC-UMR,LS-100,all,2,10,0.9141111000000001,0.006503482664439626,True,logs/raw_v2_umr_ls100_10runs.log
FOWAC-UMR,LS-100,all,3,10,0.878537,0.007026973143221452,True,logs/raw_v2_umr_ls100_10runs.log
FOWAC-UMR,LS-100,all,4,10,0.8571300000000001,0.010193249400134052,True,logs/raw_v2_umr_ls100_10runs.log
FOWAC-DS,LS-100,known,1,10,0.9588318000000001,0.0323824357803218,True,logs/raw_v2_dfsb_ds_ls100_10runs.log
FOWAC-DS,LS-100,known,2,10,0.9789352000000001,0.03406351414245648,True,logs/raw_v2_dfsb_ds_ls100_10runs.log
FOWAC-DS,LS-100,known,3,10,0.7114762000000001,0.17648758209120552,True,logs/raw_v2_dfsb_ds_ls100_10runs.log
FOWAC-DS,LS-100,known,4,10,0.9252381,0.11124255393053904,True,logs/raw_v2_dfsb_ds_ls100_10runs.log
FOWAC-DS,LS-100,unknown,1,10,0.9495941999999999,0.044155853199019185,True,logs/raw_v2_dfsb_ds_ls100_10runs.log
FOWAC-DS,LS-100,unknown,2,10,0.7829168,0.22291795130884665,True,logs/raw_v2_dfsb_ds_ls100_10runs.log
FOWAC-DS,LS-100,unknown,3,10,0.5369498,0.17435713033808894,True,logs/raw_v2_dfsb_ds_ls100_10runs.log
FOWAC-DS,LS-100,unknown,4,10,0.6488645,0.23253591035997956,True,logs/raw_v2_dfsb_ds_ls100_10runs.log
FOWAC-DS,LS-100,auroc,1,10,1.0,0.0,True,logs/raw_v2_dfsb_ds_ls100_10runs.log
FOWAC-DS,LS-100,auroc,2,10,0.9872,0.022157416616363723,True,logs/raw_v2_dfsb_ds_ls100_10runs.log
FOWAC-DS,LS-100,auroc,3,10,0.8343999999999999,0.03428507935920037,True,logs/raw_v2_dfsb_ds_ls100_10runs.log
FOWAC-DS,LS-100,auroc,4,10,0.9569599999999999,0.04369071093747756,True,logs/raw_v2_dfsb_ds_ls100_10runs.log
FOWAC-DS,LS-100,f1,1,10,0.9772107999999999,0.018259057361576295,True,logs/raw_v2_dfsb_ds_ls100_10runs.log
FOWAC-DS,LS-100,f1,2,10,0.9381740000000001,0.07017023977442288,True,logs/raw_v2_dfsb_ds_ls100_10runs.log
FOWAC-DS,LS-100,f1,3,10,0.7985865,0.08873622436844304,True,logs/raw_v2_dfsb_ds_ls100_10runs.log
FOWAC-DS,LS-100,f1,4,10,0.9042258000000001,0.073928749384195,True,logs/raw_v2_dfsb_ds_ls100_10runs.log
FOWAC-DS,LS-100,inc,1,10,0.8795999999999999,0.047448685732881773,True,logs/raw_v2_dfsb_ds_ls100_10runs.log
FOWAC-DS,LS-100,inc,2,10,0.7656000000000001,0.05478888776222989,True,logs/raw_v2_dfsb_ds_ls100_10runs.log
FOWAC-DS,LS-100,inc,3,10,0.6100668,0.030871181656108415,True,logs/raw_v2_dfsb_ds_ls100_10runs.log
FOWAC-DS,LS-100,inc,4,10,0.6003000000000001,0.034076873878531366,True,logs/raw_v2_dfsb_ds_ls100_10runs.log
FOWAC-DS,LS-100,all,1,10,0.9305529,0.0028413763272986813,True,logs/raw_v2_dfsb_ds_ls100_10runs.log
FOWAC-DS,LS-100,all,2,10,0.9139443999999999,0.0065227147756470516,True,logs/raw_v2_dfsb_ds_ls100_10runs.log
FOWAC-DS,LS-100,all,3,10,0.8799051999999999,0.005668273768186497,True,logs/raw_v2_dfsb_ds_ls100_10runs.log
FOWAC-DS,LS-100,all,4,10,0.8639800000000001,0.007237065089600278,True,logs/raw_v2_dfsb_ds_ls100_10runs.log
FOWAC-BCD,FSC-89,known,1,10,0.9244036999999998,0.04437263749967741,True,logs/raw_v2_bcd_fsc89_10runs.log
FOWAC-BCD,FSC-89,known,2,10,0.6271822,0.16908309602073043,True,logs/raw_v2_bcd_fsc89_10runs.log
FOWAC-BCD,FSC-89,known,3,10,0.6670254000000001,0.30997451950593186,True,logs/raw_v2_bcd_fsc89_10runs.log
FOWAC-BCD,FSC-89,known,4,10,0.5464705999999999,0.25061478660073777,True,logs/raw_v2_bcd_fsc89_10runs.log
FOWAC-BCD,FSC-89,unknown,1,10,0.6134108,0.08746634089979982,True,logs/raw_v2_bcd_fsc89_10runs.log
FOWAC-BCD,FSC-89,unknown,2,10,0.32207600000000003,0.13308649917920967,True,logs/raw_v2_bcd_fsc89_10runs.log
FOWAC-BCD,FSC-89,unknown,3,10,0.2398317,0.10614302359034247,True,logs/raw_v2_bcd_fsc89_10runs.log
FOWAC-BCD,FSC-89,unknown,4,10,0.1914178,0.12391476306522606,True,logs/raw_v2_bcd_fsc89_10runs.log
FOWAC-BCD,FSC-89,auroc,1,10,0.9873600000000001,0.013268107124479627,True,logs/raw_v2_bcd_fsc89_10runs.log
FOWAC-BCD,FSC-89,auroc,2,10,0.66144,0.14103656893790978,True,logs/raw_v2_bcd_fsc89_10runs.log
FOWAC-BCD,FSC-89,auroc,3,10,0.6728,0.22743680929485055,True,logs/raw_v2_bcd_fsc89_10runs.log
FOWAC-BCD,FSC-89,auroc,4,10,0.56416,0.2021118018435451,True,logs/raw_v2_bcd_fsc89_10runs.log
FOWAC-BCD,FSC-89,f1,1,10,0.9554832,0.027941881960796985,True,logs/raw_v2_bcd_fsc89_10runs.log
FOWAC-BCD,FSC-89,f1,2,10,0.586401,0.1838003602656365,True,logs/raw_v2_bcd_fsc89_10runs.log
FOWAC-BCD,FSC-89,f1,3,10,0.6081837999999999,0.2700700868847854,True,logs/raw_v2_bcd_fsc89_10runs.log
FOWAC-BCD,FSC-89,f1,4,10,0.5276799,0.27994187092420536,True,logs/raw_v2_bcd_fsc89_10runs.log
FOWAC-BCD,FSC-89,inc,1,10,0.38710000000000006,0.07022574709859308,True,logs/raw_v2_bcd_fsc89_10runs.log
FOWAC-BCD,FSC-89,inc,2,10,0.2708,0.044114245620509786,True,logs/raw_v2_bcd_fsc89_10runs.log
FOWAC-BCD,FSC-89,inc,3,10,0.20523320000000003,0.03662932839739823,True,logs/raw_v2_bcd_fsc89_10runs.log
FOWAC-BCD,FSC-89,inc,4,10,0.17360000000000003,0.03037661746950916,True,logs/raw_v2_bcd_fsc89_10runs.log
FOWAC-BCD,FSC-89,all,1,10,0.41026349999999995,0.005370958661584021,True,logs/raw_v2_bcd_fsc89_10runs.log
FOWAC-BCD,FSC-89,all,2,10,0.38794320000000004,0.00600186204069666,True,logs/raw_v2_bcd_fsc89_10runs.log
FOWAC-BCD,FSC-89,all,3,10,0.36548200000000003,0.006038159322177578,True,logs/raw_v2_bcd_fsc89_10runs.log
FOWAC-BCD,FSC-89,all,4,10,0.34619110000000003,0.005748688013606037,True,logs/raw_v2_bcd_fsc89_10runs.log
